title,source,summary,publication_date
Behavioral Finance Insights,CFA Institute,Wpływ rosnącej inflacji na portfele inwestorów.,2024-12-29
Impact of Inflation on Wealth,Harvard Business Review,Wpływ rosnącej inflacji na portfele inwestorów.,2025-03-29
Behavioral Finance Insights,CFA Institute,Analiza trendów rynkowych w pierwszym kwartale 2025 roku.,2025-01-28
Emerging Markets Analysis,Morningstar,Analiza trendów rynkowych w pierwszym kwartale 2025 roku.,2024-11-29
Market Trends Q1 2025,CFA Institute,Analiza trendów rynkowych w pierwszym kwartale 2025 roku.,2025-01-28
Investment Strategies for Retirement,Reuters,Analiza trendów rynkowych w pierwszym kwartale 2025 roku.,2024-12-29
Market Trends Q1 2025,Harvard Business Review,Wpływ rosnącej inflacji na portfele inwestorów.,2025-02-27
Emerging Markets Analysis,Morningstar,Analiza rynków wschodzących i ich potencjału inwestycyjnego.,2025-01-28
Market Trends Q1 2025,Bloomberg,Analiza trendów rynkowych w pierwszym kwartale 2025 roku.,2025-01-28
Impact of Inflation on Wealth,Harvard Business Review,Wpływ rosnącej inflacji na portfele inwestorów.,2024-12-29
Emerging Markets Analysis,Bloomberg,Badania nad zachowaniami inwestorów i tendencjami finansowymi.,2025-01-28
Emerging Markets Analysis,CFA Institute,Badania nad zachowaniami inwestorów i tendencjami finansowymi.,2025-03-29
Market Trends Q1 2025,Harvard Business Review,Analiza rynków wschodzących i ich potencjału inwestycyjnego.,2024-12-29
Emerging Markets Analysis,Morningstar,Badania nad zachowaniami inwestorów i tendencjami finansowymi.,2024-11-29
Behavioral Finance Insights,Bloomberg,Wpływ rosnącej inflacji na portfele inwestorów.,2025-03-29
Emerging Markets Analysis,Morningstar,Badania nad zachowaniami inwestorów i tendencjami finansowymi.,2025-01-28
Behavioral Finance Insights,Reuters,Analiza trendów rynkowych w pierwszym kwartale 2025 roku.,2025-03-29
Market Trends Q1 2025,Harvard Business Review,Rekomendacje inwestycyjne dla osób planujących emeryturę.,2025-01-28
Emerging Markets Analysis,CFA Institute,Analiza trendów rynkowych w pierwszym kwartale 2025 roku.,2025-03-29
Behavioral Finance Insights,Harvard Business Review,Wpływ rosnącej inflacji na portfele inwestorów.,2025-02-27
Investment Strategies for Retirement,Morningstar,Wpływ rosnącej inflacji na portfele inwestorów.,2025-02-27
Market Trends Q1 2025,Reuters,Badania nad zachowaniami inwestorów i tendencjami finansowymi.,2025-03-29
Market Trends Q1 2025,Morningstar,Analiza rynków wschodzących i ich potencjału inwestycyjnego.,2025-03-29
Investment Strategies for Retirement,Morningstar,Analiza rynków wschodzących i ich potencjału inwestycyjnego.,2025-03-29
Impact of Inflation on Wealth,Bloomberg,Analiza trendów rynkowych w pierwszym kwartale 2025 roku.,2025-02-27
Market Trends Q1 2025,Reuters,Analiza trendów rynkowych w pierwszym kwartale 2025 roku.,2024-12-29
Behavioral Finance Insights,Reuters,Wpływ rosnącej inflacji na portfele inwestorów.,2024-12-29
Behavioral Finance Insights,Morningstar,Rekomendacje inwestycyjne dla osób planujących emeryturę.,2024-12-29
Emerging Markets Analysis,Harvard Business Review,Wpływ rosnącej inflacji na portfele inwestorów.,2024-12-29
Market Trends Q1 2025,Reuters,Wpływ rosnącej inflacji na portfele inwestorów.,2024-12-29
Investment Strategies for Retirement,Harvard Business Review,Badania nad zachowaniami inwestorów i tendencjami finansowymi.,2024-11-29
Emerging Markets Analysis,CFA Institute,Rekomendacje inwestycyjne dla osób planujących emeryturę.,2025-01-28
Behavioral Finance Insights,Bloomberg,Analiza rynków wschodzących i ich potencjału inwestycyjnego.,2025-03-29
Investment Strategies for Retirement,CFA Institute,Wpływ rosnącej inflacji na portfele inwestorów.,2025-02-27
Investment Strategies for Retirement,CFA Institute,Rekomendacje inwestycyjne dla osób planujących emeryturę.,2025-03-29
Impact of Inflation on Wealth,CFA Institute,Analiza rynków wschodzących i ich potencjału inwestycyjnego.,2025-02-27
Behavioral Finance Insights,CFA Institute,Wpływ rosnącej inflacji na portfele inwestorów.,2024-12-29
Investment Strategies for Retirement,Morningstar,Analiza rynków wschodzących i ich potencjału inwestycyjnego.,2024-11-29
Impact of Inflation on Wealth,Harvard Business Review,Wpływ rosnącej inflacji na portfele inwestorów.,2024-11-29
Investment Strategies for Retirement,Bloomberg,Analiza rynków wschodzących i ich potencjału inwestycyjnego.,2025-02-27
Impact of Inflation on Wealth,Harvard Business Review,Wpływ rosnącej inflacji na portfele inwestorów.,2024-12-29
Investment Strategies for Retirement,CFA Institute,Analiza rynków wschodzących i ich potencjału inwestycyjnego.,2025-02-27
Market Trends Q1 2025,Harvard Business Review,Analiza trendów rynkowych w pierwszym kwartale 2025 roku.,2024-12-29
Market Trends Q1 2025,Bloomberg,Rekomendacje inwestycyjne dla osób planujących emeryturę.,2025-02-27
Investment Strategies for Retirement,Morningstar,Wpływ rosnącej inflacji na portfele inwestorów.,2024-11-29
Behavioral Finance Insights,Harvard Business Review,Wpływ rosnącej inflacji na portfele inwestorów.,2025-03-29
Investment Strategies for Retirement,CFA Institute,Analiza trendów rynkowych w pierwszym kwartale 2025 roku.,2025-03-29
Market Trends Q1 2025,Morningstar,Analiza rynków wschodzących i ich potencjału inwestycyjnego.,2025-02-27
Investment Strategies for Retirement,Morningstar,Wpływ rosnącej inflacji na portfele inwestorów.,2025-03-29
Impact of Inflation on Wealth,Reuters,Rekomendacje inwestycyjne dla osób planujących emeryturę.,2024-12-29
